Dataset,Stage,Threshold (T),Throughput (avg),Load Stddev (avg)
Synthetic,Ablation,100,168253.81131987146,32670.721643043493
Synthetic,Ablation,200,164386.79486862881,32642.275863055223
Synthetic,Ablation,300,165749.20784828207,32825.03006700561
Synthetic,Ablation,500,146753.08978176725,33028.575011939276
Synthetic,Ablation,800,144933.72609881428,33630.199555186846
